,_id,tweet_url,created_at,favorite_count,full_text,keyword,lang,quote_count,reply_count,retweet_count,source,tid,user_url
0,64f58e9d0408657d8af8b9b8,https://twitter.com/Isabel_3299/status/1383607648138928128,Sun Apr 18 02:25:44 +0000 2021,62,好消息，我们的队友也是领队Sunny 被选为Fulton 郡共和党副主席，这个郡就是2020大选作弊的郡，也是乔治亚州的大蓝郡，也是乔治亚州百万人口的大郡，也是那个背叛共和党帮助民主党作弊的州务卿拉芬斯伯格所在的选区的郡。这次选举把该郡共和党的RINO都选下去楽。这是2022夺回国会的一个好样板。 https://t.co/cmnsr9S15E,蓝州 选举,zh,1,5,9,"<a href=""http://twitter.com/download/iphone"" rel=""nofollow"">Twitter for iPhone</a>",1383607648138928128,https://twitter.com/Isabel_3299
1,64f58f070408657d8af8bac1,https://twitter.com/Isabel_3299/status/1311006616016297986,Tue Sep 29 18:15:09 +0000 2020,6,"刚收到的信息，缅因州可能要失守，拿不到多数票，因为极端民主党进攻猛烈。缅因州和内布拉斯卡选举人票制度和其他州不一样，缅因州总共有两张选举人票，一张是州一级的winner-take-all, 即赢者通吃，另外一张选举人票分配给州内几个国会区，然后这些赢者通吃区的票再选出赢者通吃算州的另一张的票。 https://t.co/xr6bupCau8",赢者通吃 选举,zh,0,3,1,"<a href=""http://twitter.com/download/iphone"" rel=""nofollow"">Twitter for iPhone</a>",1311006616016297986,https://twitter.com/Isabel_3299
2,64f59a720408657d8af8e47f,https://twitter.com/Isabel_3299/status/1108390167142899712,Wed Mar 20 15:29:43 +0000 2019,0,"其实2016年的大选，希拉里就是因为身体有恙没有精力也觉得大州都是她的票箱，忽略了以往是蓝州的拉票，否则像威斯康星这样的小蓝州怎么会被川普拿走？！

放心，美国的选民会像维护宪法第二修正案维护拥枪权一样维护选举人团制度。民主党是Good try but no cigar 。 https://t.co/YQA8vnXZQD",蓝州 选举,zh,0,1,2,"<a href=""http://twitter.com/download/iphone"" rel=""nofollow"">Twitter for iPhone</a>",1108390167142899712,https://twitter.com/Isabel_3299
3,64f59ab30408657d8af8e593,https://twitter.com/Isabel_3299/status/1274133675601518592,Sat Jun 20 00:15:15 +0000 2020,1,看！85 个选举人票是魔幻元素，只要民主党不耍流氓无赖，观看选战还是挺有体育比赛乐趣。我真没想到我们乔治亚州一直的红州居然和鹅害鹅这样的州列为危险州。 https://t.co/wCCMEo6Oye,红州 选举,zh,0,2,1,"<a href=""http://twitter.com/download/iphone"" rel=""nofollow"">Twitter for iPhone</a>",1274133675601518592,https://twitter.com/Isabel_3299
4,64feb9ca0408657d8afb7e40,https://twitter.com/Isabel_3299/status/1435614534337712129,Wed Sep 08 14:42:32 +0000 2021,3,【慢慢看，话说当初麦克里斯塔尔要求在阿富汗增兵加大投入的时候，时任副总统的拜登就是反对的，奥黑也有点犹豫，只有希拉里表态“要钱给钱要人给人满足他一切要求”，我现在合理怀疑拜登真身就是被这老东西和希拉里联手做掉的☠（我：此败不是彼败，我两三年前存的这个图片，仔细看败的侧脸） https://t.co/xvef9GCsad,希拉里 反对 until:2021-10-01 since:2021-09-01,zh,1,1,1,"<a href=""http://twitter.com/download/iphone"" rel=""nofollow"">Twitter for iPhone</a>",1435614534337712129,https://twitter.com/Isabel_3299
5,64fec7080408657d8afba2ea,https://twitter.com/Isabel_3299/status/1417709552250798081,Wed Jul 21 04:54:31 +0000 2021,15,节目里提到共和党有不少人要求RNC女主戏罗娜下台，我其实最早发现她并不是真心支持川普，我最早在推特上说出来的时候还有些颤巍巍，后来林伍德律师也点她的名，我才觉得自己有眼光😁👉【落跑議員中招；哈里斯高調接見、低調檢查；下一個要被清理的是誰？ https://t.co/1Uzone3Lwm via @YouTube,川普 支持 until:2021-08-02 since:2021-07-03,zh,0,3,4,"<a href=""http://twitter.com/download/iphone"" rel=""nofollow"">Twitter for iPhone</a>",1417709552250798081,https://twitter.com/Isabel_3299
6,64fec7160408657d8afba343,https://twitter.com/Isabel_3299/status/1401037991418728449,Sat Jun 05 04:47:41 +0000 2021,14,南卡林娘娘给我写信，感谢我对保守派的慷慨支持（惭愧，我没给共和党捐过款）；他整篇信件中没咋提共和党，现在自己也不敢高调共和党了，就骂白痴燈和输墨和AOC；信件抬头用黑体大字打出捍卫川普的新闻引述；其实他没啥议程有倡导性或吸引力内容。2022共和党靠他这种传统政客行吗？选一张慈祥皂片。 https://t.co/Q8vfmCEbON,川普 支持 until:2021-07-03 since:2021-06-03,zh,0,8,1,"<a href=""http://twitter.com/download/iphone"" rel=""nofollow"">Twitter for iPhone</a>",1401037991418728449,https://twitter.com/Isabel_3299
7,64fec74d0408657d8afba50f,https://twitter.com/Isabel_3299/status/1385292427053969409,Thu Apr 22 18:00:26 +0000 2021,4,看来她知难而退啊。共和党女主戏现在太难当了。共和党内部自己分裂，观念分裂的厉害，之前觉得把RINO分出去就可以了，现在似乎还有很多重要议题都会再分出各种，据说这次黑人罪犯秒变民族英雄的佛跳墙的案子，非常支持川普的几个参议员居然也叫好，真是乱！真晕菜！@ericxunzhang https://t.co/lw0hfkvrxu,川普 支持 until:2021-05-04 since:2021-04-04,zh,0,1,0,"<a href=""http://twitter.com/download/iphone"" rel=""nofollow"">Twitter for iPhone</a>",1385292427053969409,https://twitter.com/Isabel_3299
8,64fec75d0408657d8afba562,https://twitter.com/Isabel_3299/status/1369150554690162689,Tue Mar 09 04:58:24 +0000 2021,40,川普发表声明不要再给犀牛党捐钱，只能给共和党和基层选民带来伤害。他们绝不会带领大家走向胜利。支持川普清党！ https://t.co/gaIG4RB5lC,川普 支持 until:2021-04-04 since:2021-03-05,zh,1,5,9,"<a href=""http://twitter.com/download/iphone"" rel=""nofollow"">Twitter for iPhone</a>",1369150554690162689,https://twitter.com/Isabel_3299
9,64fec7630408657d8afba590,https://twitter.com/Isabel_3299/status/1377354147666698242,Wed Mar 31 20:16:33 +0000 2021,24,川普多次强调要把RINO选下去，要夺回2022的议会，我参加完大选前的扫街，现在参加基层选区的活动，这不算虚头巴脑吧。可这些虚头巴脑的东西，看到你真的以行动支持川普了，她们又感到好不舒服，咋整？我不太明白这些人到底想干啥才舒服舒坦？就必须在推特上对川粉的实际行动不舒服就是挺川了？晕 https://t.co/SuLV5FOjCu,川普 支持 until:2021-04-04 since:2021-03-05,zh,1,6,3,"<a href=""http://twitter.com/download/iphone"" rel=""nofollow"">Twitter for iPhone</a>",1377354147666698242,https://twitter.com/Isabel_3299
10,64fec7860408657d8afba6b2,https://twitter.com/Isabel_3299/status/1358171905220632578,Sat Feb 06 21:53:10 +0000 2021,19,"爱川普、支持川普主义、作长期奋斗抗争的努力才是诚实的话！把川普又出来打高尔夫⛳️球的兴奋和川普很快回到美国权力中心又连在一起，就是一种
虚妄，政治虚妄。我的学者朋友说过一句话，比较能治病救人：看图😄。这种看见白宫没开灯和川普打高尔夫就认为川普要回来了，就等同于一种赌徒心态，要治病！ https://t.co/bhsMRQg0VV",川普 支持 until:2021-03-05 since:2021-02-03,zh,0,3,3,"<a href=""http://twitter.com/download/iphone"" rel=""nofollow"">Twitter for iPhone</a>",1358171905220632578,https://twitter.com/Isabel_3299
11,64fec7ec0408657d8afba9df,https://twitter.com/Isabel_3299/status/1318622982198132737,Tue Oct 20 18:39:52 +0000 2020,54,【关键州的共和党新选民登记数量远超民主党。国家有难，匹夫有责！】如果川普在沼泽和政府成员的不作为的处境下，那我们美国人民就必须站出来支持川普。我真·没想到我最认可的宪政文明首选之国的美国有今天这样有“颜色革命”和独裁政府才有的政变节奏。我再说一遍：美国出问题了，美国问题大了去了。 https://t.co/FC23b3vypd,川普 支持 until:2020-11-05 since:2020-10-06,zh,3,10,11,"<a href=""http://twitter.com/download/iphone"" rel=""nofollow"">Twitter for iPhone</a>",1318622982198132737,https://twitter.com/Isabel_3299
12,64fec84e0408657d8afbac5d,https://twitter.com/Isabel_3299/status/1283996143408619520,Fri Jul 17 05:25:10 +0000 2020,7,默多克儿媳真漂亮，她和伊万卡夫妇是好朋友，但这次默多克儿子和媳妇却捐出一百多万给老年痴呆症前期患者拜登。记得16年川普参选总统，老默多克和川普在英国打高尔夫，算一种支持。川普肯定也尝到不少世态炎凉。默多克一家也肯定吃川普的干醋，都是野心勃勃的商人，凭啥最后川普当了美国人的总统。 https://t.co/nEs7kRysQo,川普 支持 until:2020-08-07 since:2020-07-08,zh,0,4,1,"<a href=""http://twitter.com/download/iphone"" rel=""nofollow"">Twitter for iPhone</a>",1283996143408619520,https://twitter.com/Isabel_3299
13,64fec8600408657d8afbacd0,https://twitter.com/Isabel_3299/status/1272201045855350784,Sun Jun 14 16:15:40 +0000 2020,47,支持川普要有球迷心态，球迷心态是最宝贵的一种激情。川普命贵，川普生日快乐🎁🎂🎈🎊。 https://t.co/OpANpHXfgw,川普 支持 until:2020-07-08 since:2020-06-08,zh,1,6,3,"<a href=""http://twitter.com/download/iphone"" rel=""nofollow"">Twitter for iPhone</a>",1272201045855350784,https://twitter.com/Isabel_3299
14,64ffc3db0408657d8afe80c8,https://twitter.com/Isabel_3299/status/1601596686144778240,Sat Dec 10 15:16:20 +0000 2022,1,石涛这节油管做得好，表扬。妙语连珠：“去妓院检查贞操”😂，“马斯克把盗选疮疤接下来了，浓血俱下，可大家都看着，连个递纱布的人都没有🤣【川普嚴重聲明：推特檔案最大亮點“總統選舉是被操控的！”」ShitaoTV - 02 (10 /12/22) 馬斯克：證據無人質疑 涉獵廣泛 https://t.co/WjVxz7LL3a via @YouTube,川普 選舉 until:2023-01-03 since:2022-12-04,zh,0,0,1,"<a href=""http://twitter.com/download/iphone"" rel=""nofollow"">Twitter for iPhone</a>",1601596686144778240,https://twitter.com/Isabel_3299
15,64ffc4870408657d8afe84c1,https://twitter.com/Isabel_3299/status/1521942364163657728,Wed May 04 19:58:30 +0000 2022,6,「首戰告捷」川普的人拿下俄亥俄初選！Shitao TV - No.05（04/05/22）今晨發誓：中期選舉全勝無敵 https://t.co/TKRPvcWGC4 via @YouTube,川普 選舉 until:2022-05-08 since:2022-04-08,zh,0,1,1,"<a href=""http://twitter.com/download/iphone"" rel=""nofollow"">Twitter for iPhone</a>",1521942364163657728,https://twitter.com/Isabel_3299
16,64ffcc470408657d8afea265,https://twitter.com/Isabel_3299/status/1263513901947326464,Thu May 21 16:56:03 +0000 2020,2,在短短的时间内，纳瓦罗明知对方的攻击立场，还用她在拜登的问题上多说没时间也没意义。纳瓦罗一直坚定地与你最痛恨的煮孩子的土珙做不息努力和斗争的斗士，早在跟随川普之前2011年就写了这部《致命中国》的书，和你一个立场坚决反珙反对煮孩子，你和他应该是一个立场声讨“北京拜登“才不会逻辑违和。 https://t.co/TsnwgzpY9k,拜登 反对 until:2020-06-08 since:2020-05-09,zh,0,3,0,"<a href=""http://twitter.com/download/iphone"" rel=""nofollow"">Twitter for iPhone</a>",1263513901947326464,https://twitter.com/Isabel_3299
17,650ea8110408657d8a041085,https://twitter.com/Isabel_3299/status/1668732695378010112,Tue Jun 13 21:30:52 +0000 2023,111,川普总统箭步离开法院😂 https://t.co/i2FD0ZSGWw,川普,zh,6,10,19,"<a href=""http://twitter.com/download/iphone"" rel=""nofollow"">Twitter for iPhone</a>",1668732695378010112,https://twitter.com/Isabel_3299
18,650ea8110408657d8a041087,https://twitter.com/Isabel_3299/status/1643022731892469761,Mon Apr 03 22:48:39 +0000 2023,221,"哇哦，川普走下飞机的矫健身影，

真实世界的真实英雄👍🌏✈️❤️❤️‍🔥 https://t.co/kM2KTL33O4",川普,zh,3,23,33,"<a href=""http://twitter.com/download/iphone"" rel=""nofollow"">Twitter for iPhone</a>",1643022731892469761,https://twitter.com/Isabel_3299
19,650ea8120408657d8a04108d,https://twitter.com/Isabel_3299/status/1594168838366666759,Sun Nov 20 03:20:43 +0000 2022,97,烧了五锅水，庆祝🎉🎈🍾️🎆川普推特号恢复。 https://t.co/yDbKxcPFr5,川普,zh,1,22,12,"<a href=""http://twitter.com/download/iphone"" rel=""nofollow"">Twitter for iPhone</a>",1594168838366666759,https://twitter.com/Isabel_3299
20,650ea8120408657d8a04108f,https://twitter.com/Isabel_3299/status/1643310865045659665,Tue Apr 04 17:53:36 +0000 2023,33,川普下车时，回过头向街民招手👋，神情冷峻而勇毅👍🥰 https://t.co/DF12SaKtqD,川普,zh,0,3,2,"<a href=""http://twitter.com/download/iphone"" rel=""nofollow"">Twitter for iPhone</a>",1643310865045659665,https://twitter.com/Isabel_3299
21,650ea8120408657d8a041091,https://twitter.com/Isabel_3299/status/1599505967217278976,Sun Dec 04 20:48:34 +0000 2022,39,川普说的，美国是世界上最腐败的国家之一。 https://t.co/8NS9mKxi6R,川普,zh,2,7,9,"<a href=""http://twitter.com/download/iphone"" rel=""nofollow"">Twitter for iPhone</a>",1599505967217278976,https://twitter.com/Isabel_3299
22,650ea8120408657d8a041093,https://twitter.com/Isabel_3299/status/1536747027480166405,Tue Jun 14 16:26:57 +0000 2022,119,本人感到非常幸运和自豪与他同在历史与现实的时空中。㊗️川普总统生日🎂快乐🎁❤️🇺🇸🌹😘 https://t.co/eyoJG7i9F3,川普,zh,2,6,17,"<a href=""http://twitter.com/download/iphone"" rel=""nofollow"">Twitter for iPhone</a>",1536747027480166405,https://twitter.com/Isabel_3299
23,650ea8120408657d8a041095,https://twitter.com/Isabel_3299/status/1646663016375525378,Thu Apr 13 23:53:51 +0000 2023,43,我特喜欢这张，感觉川普的神奇力量，就是美国的亚瑟王。 https://t.co/gmB7A9rzZY,川普,zh,1,6,9,"<a href=""http://twitter.com/download/iphone"" rel=""nofollow"">Twitter for iPhone</a>",1646663016375525378,https://twitter.com/Isabel_3299
24,650ea8120408657d8a041097,https://twitter.com/Isabel_3299/status/1648103816737300481,Mon Apr 17 23:19:04 +0000 2023,36,川普说的对：“美国的敌人不是俄罗斯和中国，而是华盛顿政客”。 https://t.co/VrmE4T14mx,川普,zh,1,8,9,"<a href=""http://twitter.com/download/iphone"" rel=""nofollow"">Twitter for iPhone</a>",1648103816737300481,https://twitter.com/Isabel_3299
25,650ea8120408657d8a041099,https://twitter.com/Isabel_3299/status/1663307517470932992,Mon May 29 22:13:09 +0000 2023,36,希望再次听到为川普而鸣的二十一响礼炮🥰 https://t.co/Q2p3FuLTIA,川普,zh,2,5,3,"<a href=""http://twitter.com/download/iphone"" rel=""nofollow"">Twitter for iPhone</a>",1663307517470932992,https://twitter.com/Isabel_3299
26,650ea8120408657d8a04109b,https://twitter.com/Isabel_3299/status/1694934649577844768,Fri Aug 25 04:48:05 +0000 2023,65,"奇怪，为啥不是去法庭而是去监狱。这是什么操作？和之前川普几次出庭不一样，而是直接去监狱？

我家是Fulton county 隔壁县的，一条马路之隔，但从没有经过这个监狱，倒是川普总统先去了。

他为我们美国人民而去的。记住他！ https://t.co/mU1ZlLL1Hm",川普,zh,1,8,15,"<a href=""http://twitter.com/download/iphone"" rel=""nofollow"">Twitter for iPhone</a>",1694934649577844768,https://twitter.com/Isabel_3299
27,650ea8130408657d8a04109d,https://twitter.com/Isabel_3299/status/1638281820587413521,Tue Mar 21 20:49:58 +0000 2023,68,本来今天为川普的事就心情紧张😓，结果藏猫猫🐱把我心情推向沟里，现在猫咪藏出来了，我感觉川普会没事的，川普不是悲剧，川普是美国喜剧。 https://t.co/UbzDMMduWu,川普,zh,0,10,5,"<a href=""http://twitter.com/download/iphone"" rel=""nofollow"">Twitter for iPhone</a>",1638281820587413521,https://twitter.com/Isabel_3299
28,650ea8130408657d8a04109f,https://twitter.com/Isabel_3299/status/1540025553826217989,Thu Jun 23 17:34:38 +0000 2022,21,川普刚发的，打脸造谣的😂👍🙄🥴 https://t.co/iujS49vqiJ,川普,zh,0,4,4,"<a href=""http://twitter.com/download/iphone"" rel=""nofollow"">Twitter for iPhone</a>",1540025553826217989,https://twitter.com/Isabel_3299
29,650ea8130408657d8a0410a1,https://twitter.com/Isabel_3299/status/1590483429451517954,Wed Nov 09 23:16:13 +0000 2022,22,"朋友从上海来美国，刚到纽约就去拜见第四十五和他的川普大厦。

朋友说他“心愿达成”，替他高兴和骄傲🦚 https://t.co/oLGqU4TvcN",川普,zh,0,3,2,"<a href=""http://twitter.com/download/iphone"" rel=""nofollow"">Twitter for iPhone</a>",1590483429451517954,https://twitter.com/Isabel_3299
30,650ea8130408657d8a0410a3,https://twitter.com/Isabel_3299/status/1664360244489625600,Thu Jun 01 19:56:19 +0000 2023,15,"谢谢佛州州长对川普总统的赞誉。

有鉴于此，你作为小字辈，还是先退下吧😂 https://t.co/VxV2TprhrA",川普,zh,0,3,1,"<a href=""http://twitter.com/download/iphone"" rel=""nofollow"">Twitter for iPhone</a>",1664360244489625600,https://twitter.com/Isabel_3299
31,650ea8130408657d8a0410a5,https://twitter.com/Isabel_3299/status/1683641942742036480,Tue Jul 25 00:54:54 +0000 2023,12,"一看信封是GOP假脸女主席的，想顺手扔垃圾桶🗑️，但好奇她这次又怎么忽悠人，一上来就说她很关切我没续费共和党党费，然后就是一通不拉不拉，什么一定要击退拜登，但只字未提川普；

想起20年她每次来信📨或发电子邮件，第一个理由就是川普和给出川普活动信息等，这次川普的名字都不提，我去她奶奶的。 https://t.co/iQW2F1R8SX",川普,zh,0,2,2,"<a href=""http://twitter.com/download/iphone"" rel=""nofollow"">Twitter for iPhone</a>",1683641942742036480,https://twitter.com/Isabel_3299
32,650ea8130408657d8a0410a7,https://twitter.com/Isabel_3299/status/1668713474237644801,Tue Jun 13 20:14:30 +0000 2023,25,"第一夫人梅拉尼出现在迈阿密，是来丽挺总统丈夫的😂👍

支持者和川普的旗帜在迈阿密法院门前的气势压人。😂 https://t.co/EU9OGFN6Kt",川普,zh,0,0,3,"<a href=""http://twitter.com/download/iphone"" rel=""nofollow"">Twitter for iPhone</a>",1668713474237644801,https://twitter.com/Isabel_3299
33,650ea8130408657d8a0410a9,https://twitter.com/Isabel_3299/status/1527739714534522880,Fri May 20 19:55:06 +0000 2022,11,川普亲自抓假，打假😂。我们的烂州长还想造谣生事，屁帘子都不要了🤣🥴 https://t.co/PfYzYL1ZVz,川普,zh,0,0,3,"<a href=""http://twitter.com/download/iphone"" rel=""nofollow"">Twitter for iPhone</a>",1527739714534522880,https://twitter.com/Isabel_3299
34,650ea8140408657d8a0410ab,https://twitter.com/Isabel_3299/status/1661515174816227328,Wed May 24 23:31:01 +0000 2023,8,我的头像在其中听着，好像是川普在其中😂哈哈哈，太搞笑😆辣 https://t.co/XNtzrcAcYs,川普,zh,0,3,2,"<a href=""http://twitter.com/download/iphone"" rel=""nofollow"">Twitter for iPhone</a>",1661515174816227328,https://twitter.com/Isabel_3299
35,650ea8140408657d8a0410ad,https://twitter.com/Isabel_3299/status/1561892065411219456,Tue Aug 23 01:44:21 +0000 2022,50,"手机推送。

两年前的今天，我在给川普和共和党扫街，心情大好，笑得开心🥳。这个墨镜上次去南卡的时候丢了，前一段时间又买了一副。 https://t.co/qMKHqNHccQ",川普,zh,0,5,1,"<a href=""http://twitter.com/download/iphone"" rel=""nofollow"">Twitter for iPhone</a>",1561892065411219456,https://twitter.com/Isabel_3299
36,650ea8140408657d8a0410af,https://twitter.com/Isabel_3299/status/1543463632557719555,Sun Jul 03 05:16:20 +0000 2022,29,美国独立日，最能想到的是他，川普！他赋予美利坚新的伟大意义！ https://t.co/FToRpWajXd,川普,zh,0,0,5,"<a href=""http://twitter.com/download/iphone"" rel=""nofollow"">Twitter for iPhone</a>",1543463632557719555,https://twitter.com/Isabel_3299
37,650ea81a0408657d8a0410b3,https://twitter.com/Isabel_3299/status/1591638574541451265,Sun Nov 13 03:46:22 +0000 2022,16,"我就想知道，川普在下周二15号还会不会宣布参选2024？

感觉那里都是屎坑，回去干嘛？

大象🐘不会去死一死了给驴看？ https://t.co/smRNxJN6VN",川普,zh,1,8,3,"<a href=""http://twitter.com/download/iphone"" rel=""nofollow"">Twitter for iPhone</a>",1591638574541451265,https://twitter.com/Isabel_3299
38,650ea81a0408657d8a0410b5,https://twitter.com/Isabel_3299/status/1592216651092877313,Mon Nov 14 18:03:26 +0000 2022,11,"这种对川普的低劣诅咒是99%的首陀罗之一而替1%的婆罗门操心的贱种。

这么会诅咒，活该只能也只配做首陀罗🤣 https://t.co/jXWhPC6VPj",川普,zh,0,4,2,"<a href=""http://twitter.com/download/iphone"" rel=""nofollow"">Twitter for iPhone</a>",1592216651092877313,https://twitter.com/Isabel_3299
39,650ea81a0408657d8a0410b7,https://twitter.com/Isabel_3299/status/1637122126451810304,Sat Mar 18 16:01:45 +0000 2023,22,"【川爷痛斥腐败的索罗斯爪牙，曼哈顿检察院，要在没有任何刑事犯罪的证据下于下周二将他逮捕。这出明明白白的政治构陷显示美国已堕落为一个无法无天的魔窟，大家一起抗议声援川普总统！】-西行小宝电报群

看图片今天早上川普的真相T文。 https://t.co/sKq8f26Kgw",川普,zh,2,3,5,"<a href=""http://twitter.com/download/iphone"" rel=""nofollow"">Twitter for iPhone</a>",1637122126451810304,https://twitter.com/Isabel_3299
40,650ea81a0408657d8a0410b9,https://twitter.com/Isabel_3299/status/1664063787756863490,Thu Jun 01 00:18:18 +0000 2023,40,又给川普捐点细流，我们是认真的！❤️🙏🇺🇸 https://t.co/BgCHj6ELUk,川普,zh,0,3,0,"<a href=""http://twitter.com/download/iphone"" rel=""nofollow"">Twitter for iPhone</a>",1664063787756863490,https://twitter.com/Isabel_3299
41,650ea81a0408657d8a0410bb,https://twitter.com/Isabel_3299/status/1639810992056967169,Sun Mar 26 02:06:21 +0000 2023,16,"川普号召打疫苗我完全不为所动，因我记得他疫情初期就不顾医疗科学届反对，让大家吃羟氯喹，他在得了新冠后发的推文说我的血就是疫苗，我之前在推特上图过他这条推，

至于后来他在几个场合也说疫苗好，让大家自愿打，我和西行小宝讨论过，他说这个情况比较复杂，经得同意，我把他的看法和你分享😊 https://t.co/IyvGYHID5b",川普,zh,1,3,8,"<a href=""http://twitter.com/download/iphone"" rel=""nofollow"">Twitter for iPhone</a>",1639810992056967169,https://twitter.com/Isabel_3299
42,650ea81a0408657d8a0410bd,https://twitter.com/Isabel_3299/status/1656639811812483073,Thu May 11 12:38:04 +0000 2023,19,"今天在望京路上看到的景象，一个矮小的汉子在路边看川普接受CNN的采访。

北京的校车，虽然没有美国威武，但够在烟火气😂，一个小朋友被妈妈牵着手乐呵呵地在小区门口下车。

去邮局寄东西，服务态度那叫好啊，对于顾客问的多傻的问题，都有问必答，耐心善意。 https://t.co/38CxdZMFto",川普,zh,1,6,1,"<a href=""http://twitter.com/download/iphone"" rel=""nofollow"">Twitter for iPhone</a>",1656639811812483073,https://twitter.com/Isabel_3299
43,650ea8330408657d8a0410ca,https://twitter.com/Isabel_3299/status/1685762244854820865,Sun Jul 30 21:20:13 +0000 2023,5,#NewProfilePic 这张川普头像，有点川普和猫王的合体（据说猫王没死😂） https://t.co/STIXsuGF0U,川普,zh,0,0,0,"<a href=""http://twitter.com/download/iphone"" rel=""nofollow"">Twitter for iPhone</a>",1685762244854820865,https://twitter.com/Isabel_3299
44,650ea8330408657d8a0410cd,https://twitter.com/Isabel_3299/status/1692352440559911261,Fri Aug 18 01:47:18 +0000 2023,6,值得冷静地听一下👉【17/2023指控川普引起憲政危機；川普在獨立選民中民調大幅領先拜登；德桑蒂斯跌到第三；FDA修改伊維菌素治療準則 https://t.co/eAA0BvxwUB via @YouTube,川普,ja,0,0,2,"<a href=""http://twitter.com/download/iphone"" rel=""nofollow"">Twitter for iPhone</a>",1692352440559911261,https://twitter.com/Isabel_3299
45,650ea8330408657d8a0410cf,https://twitter.com/Isabel_3299/status/1646668729340575744,Fri Apr 14 00:16:33 +0000 2023,24,"马拉歌的建筑始于二十世纪二十年代、正好是Arte Deco 建筑风格后的产物，不过马拉歌更多的是西班牙和葡萄牙等地中海建筑风范，而二者都经历过穆斯林摩尔人的侵入，所以也可以看出有少量穆斯林建筑装潢细节。

川普1985年用一千万美金购得，如今怎么也得值两亿多（根据18年的估算是1亿六千）。 https://t.co/RKRWFdvnuU",川普,zh,0,2,5,"<a href=""http://twitter.com/download/iphone"" rel=""nofollow"">Twitter for iPhone</a>",1646668729340575744,https://twitter.com/Isabel_3299
46,650ea8330408657d8a0410d1,https://twitter.com/Isabel_3299/status/1551783599166443521,Tue Jul 26 04:16:55 +0000 2022,22,如果让我知道你即没有信仰、也没有看出你对他者的爱、也没看你有什么实际行动主持正义，你攻击川普是DS的人，我就觉得没有任何可信性。一个热心的人，不可能去扮演一个冷血的人；一个冷血的人，也很难扮演一个热心的人。所以你的智力不用拿川普说事或者怀疑川普，你就该怀疑自己是否有健康的心智。 https://t.co/V1ltp2TeFs,川普,zh,2,1,3,"<a href=""http://twitter.com/download/iphone"" rel=""nofollow"">Twitter for iPhone</a>",1551783599166443521,https://twitter.com/Isabel_3299
47,650ea8330408657d8a0410d3,https://twitter.com/Isabel_3299/status/1585862164111163392,Fri Oct 28 05:12:58 +0000 2022,5,川普下周一回来！😍😭 https://t.co/mKbAy2bnwT,川普,zh,0,0,0,"<a href=""http://twitter.com/download/iphone"" rel=""nofollow"">Twitter for iPhone</a>",1585862164111163392,https://twitter.com/Isabel_3299
48,650ea8330408657d8a0410d5,https://twitter.com/Isabel_3299/status/1592704721651142656,Wed Nov 16 02:22:51 +0000 2022,9,川普2024 https://t.co/cqIhUIzHqY,川普,ja,1,2,2,"<a href=""http://twitter.com/download/iphone"" rel=""nofollow"">Twitter for iPhone</a>",1592704721651142656,https://twitter.com/Isabel_3299
49,650ea8330408657d8a0410d7,https://twitter.com/Isabel_3299/status/1642320041495474176,Sun Apr 02 00:16:25 +0000 2023,9,"这是图片新闻来源！

所以不是神马大陪审团，是八个月前Bragg 给社区青年组织捐款。

推主发推特前，请过滤一下水份。不要让挺川挺出水份，要为川普争光，为MAGA 出力，而不是只顾错误情绪宣泄。 https://t.co/aLxzrmnR6C",川普,zh,0,1,2,"<a href=""http://twitter.com/download/iphone"" rel=""nofollow"">Twitter for iPhone</a>",1642320041495474176,https://twitter.com/Isabel_3299
50,650ea8330408657d8a0410d9,https://twitter.com/Isabel_3299/status/1633219623880388609,Tue Mar 07 21:34:36 +0000 2023,11,"不要怀疑川普，不要动摇支持川普；我理解是：

1）换一个表达方法，说要一锅端消灭DS深层政府，

2）提大选舞弊从攻略来说，等于消弱他要目标指向2024；大选舞弊大爆发在2020年，但美国两党舞弊选举有历史年头了，最近的可以追到七八十年代，不是一下子可以根除；

3）画大饼比画鸭蛋0⃣️要更能亲民。 https://t.co/dEBdZc7nI4",川普,zh,0,2,2,"<a href=""http://twitter.com/download/iphone"" rel=""nofollow"">Twitter for iPhone</a>",1633219623880388609,https://twitter.com/Isabel_3299
51,650ea8330408657d8a0410db,https://twitter.com/Isabel_3299/status/1540368682253275141,Fri Jun 24 16:18:07 +0000 2022,12,今天的手机推送，川普对我一单眯眼，说：一切可以轻看，尤其对low life 的人。😂😘🌹👍🇺🇸 https://t.co/xCWfN1BBTr,川普,zh,0,0,0,"<a href=""http://twitter.com/download/iphone"" rel=""nofollow"">Twitter for iPhone</a>",1540368682253275141,https://twitter.com/Isabel_3299
52,650ea8340408657d8a0410dd,https://twitter.com/Isabel_3299/status/1589808519460818944,Tue Nov 08 02:34:22 +0000 2022,13,"我在在担心的也是这个。

这两年我参加投票的时候，问了几次工作人员，投票后打印的QR 二维码随着投票机的电脑去到终端，再由电脑计算选票，

我就疑惑，我投了川普票的QR二维码，怎样对应最后机器的计票，把我的票算入川普名下。

这次如果又是民主党稳坐两院，我不会再投票了，除非以后改人工计票。 https://t.co/KZDqeGmVaF",川普,zh,0,4,1,"<a href=""http://twitter.com/download/iphone"" rel=""nofollow"">Twitter for iPhone</a>",1589808519460818944,https://twitter.com/Isabel_3299
53,650ea8340408657d8a0410df,https://twitter.com/Isabel_3299/status/1643826159392571394,Thu Apr 06 04:01:11 +0000 2023,7,"不过从2015年就开始黑川恨川的微博号（人在美国）的预测，当然他是生吞这口气、咽不下去这口气而进行预测的🤣，

他说川普案件就算定罪，也不会影响川普参选总统，这就对楽，当然不会，👍😂👍 https://t.co/uIGPPpQ2sJ",川普,zh,0,3,2,"<a href=""http://twitter.com/download/iphone"" rel=""nofollow"">Twitter for iPhone</a>",1643826159392571394,https://twitter.com/Isabel_3299
54,650ea8340408657d8a0410e1,https://twitter.com/Isabel_3299/status/1680349599393783810,Sat Jul 15 22:52:18 +0000 2023,2,@funoffgrid @_Juno_1116 @truth8964_1 @wewillseewewill @Andrew19751110 @645Pr0RoZT8CwA7 @zhuxiuyuan @cheng1964526 @7k_QYS 这人连谁是秦刚谁是谭元元都分不清，还说秦刚和傅晓田有婚宴关系🤣，站在秦刚旁边的是跳舞💃的谭元元。图三左边的才是秦刚的夫人林彦，所以此人我已拉黑两次，诋毁普京和川普，原来是基于思维混乱🤪。 https://t.co/f9C5Jl3gkY,川普,zh,0,2,0,"<a href=""http://twitter.com/download/iphone"" rel=""nofollow"">Twitter for iPhone</a>",1680349599393783810,https://twitter.com/Isabel_3299
55,650ea8340408657d8a0410e3,https://twitter.com/Isabel_3299/status/1674072877572685829,Wed Jun 28 15:10:51 +0000 2023,2,"川普16年参选的重要口号就是“抽干沼泽”，但我从没有见过真正的地理沼泽，直到来乔治亚的圣西门斯岛，

我特露怯，刚进入大片大片的沼泽（marsh or wetland ) 或湿地还跟老公说：看，这么广袤无垠的草地，老公说草下面都是水。 https://t.co/0hWOVOaKov",川普,zh,1,0,2,"<a href=""http://twitter.com/download/iphone"" rel=""nofollow"">Twitter for iPhone</a>",1674072877572685829,https://twitter.com/Isabel_3299
56,650ea8340408657d8a0410e5,https://twitter.com/Isabel_3299/status/1633285406891417600,Wed Mar 08 01:56:00 +0000 2023,4,👍😂【现在米畜无论是左右都不信什么狗屁自由主义经济了，右逼川普上台就搞贸易战关税，直接行政施压企业搞制造业回流，左逼拜主席不但全盘继承川普玩法，还更进一步，直接装都不装了，全面补贴，国家计划。自由逼灯塔米畜现在都把自由经济扔垃圾堆了，支那弱智自由经济信徒还在那尬经报书单🤣 https://t.co/HKmesxlsjV,川普,zh,2,2,0,"<a href=""http://twitter.com/download/iphone"" rel=""nofollow"">Twitter for iPhone</a>",1633285406891417600,https://twitter.com/Isabel_3299
57,650ea8390408657d8a0410e7,https://twitter.com/Isabel_3299/status/1553828367488655364,Sun Jul 31 19:42:06 +0000 2022,2,你呢？说话不算数了？川普没有变！就是你一直赞美的川普。😄 https://t.co/eBThTfmf8l,川普,zh,0,0,0,"<a href=""http://twitter.com/download/iphone"" rel=""nofollow"">Twitter for iPhone</a>",1553828367488655364,https://twitter.com/Isabel_3299
58,650ea83a0408657d8a0410e9,https://twitter.com/Isabel_3299/status/1667651649014231040,Sat Jun 10 21:55:11 +0000 2023,8,队友从Columbus GA 乔治亚州的哥伦布市举行的共和党大会现场发来的图片，说川普比以往任何时候都更加坚定的和我们在一起，为“美国第一”的议程而坚持。@JianglinLi https://t.co/AFhPyyys2K,川普,zh,0,1,4,"<a href=""http://twitter.com/download/iphone"" rel=""nofollow"">Twitter for iPhone</a>",1667651649014231040,https://twitter.com/Isabel_3299
59,650ea83a0408657d8a0410eb,https://twitter.com/Isabel_3299/status/1571868832414797824,Mon Sep 19 14:28:28 +0000 2022,15,"再看川普在俄亥俄拉力完了深夜要回家之前的这段话，几乎声泪俱下，

说：我马上要回到佛罗里达马拉戈我的家，一个没有保障、没有正义、被抄家和被闯入的家，⋯⋯

一个有联邦提供特勤保护的总统，还是被它们拿下警卫并闯入乱搜乱拿，这不是被它们绑架是什么？！

这种情况下的A2不等于形如虚设？！ https://t.co/erwXJdA0k5",川普,zh,1,4,2,"<a href=""http://twitter.com/download/iphone"" rel=""nofollow"">Twitter for iPhone</a>",1571868832414797824,https://twitter.com/Isabel_3299
60,650ea83a0408657d8a0410ed,https://twitter.com/Isabel_3299/status/1536843618157314050,Tue Jun 14 22:50:46 +0000 2022,11,"今晚参加这俩党内复选runoff 06/21/22, 之前的难得的大型助选活动，因为都是一个郡和一个国会区的，二位都会进来撕纱⚔️，当然以民主自由和文明方式对决，😂。我当然是投川普和小川普背书的宪法律师Jack Evans 的票👍❤️🇺🇸🌹🙏。 https://t.co/YjB72jfG1O",川普,zh,1,2,1,"<a href=""http://twitter.com/download/iphone"" rel=""nofollow"">Twitter for iPhone</a>",1536843618157314050,https://twitter.com/Isabel_3299
61,650ea83a0408657d8a0410ef,https://twitter.com/Isabel_3299/status/1576781865540718595,Mon Oct 03 03:51:06 +0000 2022,10,怪不得路德和博博士他们整天在说是俄罗斯炸了北溪二号，他的消息来源的推号是油条人的，而且名字叫恐怖主义警报。最早911就是扣在恐怖主义拉登……但据说是磨撒锝策划的。水很深啊。（图四的推文是希望左派的鲁拉赢了巴西川普博索纳罗） https://t.co/g2WNL1KFLX,川普,zh,0,6,0,"<a href=""http://twitter.com/download/iphone"" rel=""nofollow"">Twitter for iPhone</a>",1576781865540718595,https://twitter.com/Isabel_3299
62,650ea83a0408657d8a0410f1,https://twitter.com/Isabel_3299/status/1592225236807827457,Mon Nov 14 18:37:33 +0000 2022,5,我说啥来着，川普肝肝发的电报👍😂🎉🎈🍾️ https://t.co/00zAvUndK4,川普,zh,0,0,0,"<a href=""http://twitter.com/download/iphone"" rel=""nofollow"">Twitter for iPhone</a>",1592225236807827457,https://twitter.com/Isabel_3299
63,650ea83a0408657d8a0410f3,https://twitter.com/Isabel_3299/status/1674059402427367430,Wed Jun 28 14:17:18 +0000 2023,4,"图一是乔治亚州的海岸线，图二是St.Simons Island 被大西洋包裹着；

这个度假岛有50%的本地住户，我开始以为这里所有的房子都是当airB &amp;b 租给游客，

商店里的明信片都是挺川普骂白等的，可见环境是海边的保守深红地带。 https://t.co/DewrPlJv9n",川普,zh,1,0,2,"<a href=""http://twitter.com/download/iphone"" rel=""nofollow"">Twitter for iPhone</a>",1674059402427367430,https://twitter.com/Isabel_3299
64,650ea83a0408657d8a0410f5,https://twitter.com/Isabel_3299/status/1587801336640323585,Wed Nov 02 13:38:33 +0000 2022,0,"心系熬吧驴，彩虹屁，可撒假油条，给川普起的外号是橘色种族主义者，害怕纳脆甚于害怕咪吐粉帽子，他的推文从16年起就是反川普。

一聋马把这样的人放在把关推特内容审查的主管位置，这不是找死吗？ https://t.co/QwDZBDwq64",川普,zh,1,1,0,"<a href=""http://twitter.com/download/iphone"" rel=""nofollow"">Twitter for iPhone</a>",1587801336640323585,https://twitter.com/Isabel_3299
65,650ea83a0408657d8a0410f7,https://twitter.com/Isabel_3299/status/1590748086737211393,Thu Nov 10 16:47:53 +0000 2022,2,"最后一句话暖心。❤️

川普只要不放弃，我为啥要放弃他？

去健身房，我的日常🌷 https://t.co/acm6B41GFN",川普,zh,0,0,0,"<a href=""http://twitter.com/download/iphone"" rel=""nofollow"">Twitter for iPhone</a>",1590748086737211393,https://twitter.com/Isabel_3299
66,650ea83a0408657d8a0410f9,https://twitter.com/Isabel_3299/status/1652655489686335496,Sun Apr 30 12:45:48 +0000 2023,5,"我刚才说的军中牧师国会议员就是图右这位柯林斯，

左边的是坏村长坎普推出的靠长相和绑糖爹上的参议员洛夫勒，她是用资助2018年竞选州长坎普换来的几个月的参议员，她竞选班子的一个男孩就是坎普小女儿的男朋友，在参加川普背书该参议员集会路上被“车祸”身亡；除此之外还有许多高官盘根错节的关系网。 https://t.co/oE7WdOnMJL",川普,zh,1,0,1,"<a href=""http://twitter.com/download/iphone"" rel=""nofollow"">Twitter for iPhone</a>",1652655489686335496,https://twitter.com/Isabel_3299
67,650ea83a0408657d8a0410fb,https://twitter.com/Isabel_3299/status/1575202732050243584,Wed Sep 28 19:16:11 +0000 2022,6,"川普就此评论的图片。

这次有人捅了大篓子。 https://t.co/B9ixgnPpiq",川普,zh,0,1,0,"<a href=""http://twitter.com/download/iphone"" rel=""nofollow"">Twitter for iPhone</a>",1575202732050243584,https://twitter.com/Isabel_3299
68,650ea83a0408657d8a0410fe,https://twitter.com/Isabel_3299/status/1618985879854514176,Fri Jan 27 14:54:47 +0000 2023,4,"这是以前从未流出的视频节选，比尔·盖茨谈到他2017年和川普见面，因川普要成立调查疫苗危害委员会，

比尔盖茨说川普提到律师Robert Jennedy Jr., ，

比尔盖茨说绝不要那样，那是死路一条。

川普应该是听取了Robert Kennedy Jr, 的意见，他是被东厂爆头总统的侄子，坚决反疫苗的政治世家二代。 https://t.co/YdsmA8T4gh",川普,zh,1,0,3,"<a href=""http://twitter.com/download/iphone"" rel=""nofollow"">Twitter for iPhone</a>",1618985879854514176,https://twitter.com/Isabel_3299
69,650ea83b0408657d8a041100,https://twitter.com/Isabel_3299/status/1547318365584244739,Wed Jul 13 20:33:40 +0000 2022,7,水果茶，蓝儿，并没有茶，尽是鲜水果什锦加半茶勺的小苏打和苹果西达（apple cider)，清甜可口，压过了小苏打的味道。图四的桃子🍑是乔治亚州的标志，而佛州的标志是🍊，很高兴川普选择的是佛州。 https://t.co/SQjoh2lqOW,川普,zh,0,2,0,"<a href=""http://twitter.com/download/iphone"" rel=""nofollow"">Twitter for iPhone</a>",1547318365584244739,https://twitter.com/Isabel_3299
70,650ea83b0408657d8a041102,https://twitter.com/Isabel_3299/status/1531712748870111232,Tue May 31 19:02:31 +0000 2022,9,看看川普这一桶苦水吐的！谁能更比川普冤枉！💔，昨天前司法部长出来接受采访，讲了一堆良心的话语，各种替川普打抱不平，我估计他根本就知道司法会判希婆的律师无罪，那也就是希婆无罪，所以出来打了一圈安慰太极拳。哎，老天啊！😭。 https://t.co/Q0NH3TnrK0,川普,zh,1,0,1,"<a href=""http://twitter.com/download/iphone"" rel=""nofollow"">Twitter for iPhone</a>",1531712748870111232,https://twitter.com/Isabel_3299
71,650ea83b0408657d8a041105,https://twitter.com/Isabel_3299/status/1581057456134033408,Fri Oct 14 23:00:46 +0000 2022,0,"我昨天给你的两次评论你没有看到吗？

再发给你一遍，你的截图上美国NBC说的是“她是民主党内对弹劾川普 唯一投了两次弃权票。😄，她投的是弃权票。请看左图。https://t.co/27ctZhgM2n https://t.co/p8TU9dgsfa",川普,zh,0,0,0,"<a href=""http://twitter.com/download/iphone"" rel=""nofollow"">Twitter for iPhone</a>",1581057456134033408,https://twitter.com/Isabel_3299
72,650ea83b0408657d8a041107,https://twitter.com/Isabel_3299/status/1590443186878820352,Wed Nov 09 20:36:19 +0000 2022,4,川普个人觉得昨晚至今的成就还是巨大的 https://t.co/CcU1UZtE7c,川普,zh,0,0,0,"<a href=""http://twitter.com/download/iphone"" rel=""nofollow"">Twitter for iPhone</a>",1590443186878820352,https://twitter.com/Isabel_3299
73,650ea83b0408657d8a041109,https://twitter.com/Isabel_3299/status/1669070683098185729,Wed Jun 14 19:53:55 +0000 2023,12,关于川普与服兵役的事，我之前的推 说过我的看法（看图），川普对cabal靡国发动的战争早有警觉，也不会和韭菜一起跳下锅里为锅争光。👉 https://t.co/CrCgNPkH8y https://t.co/92WHUwqDZz,川普,zh,1,0,0,"<a href=""http://twitter.com/download/iphone"" rel=""nofollow"">Twitter for iPhone</a>",1669070683098185729,https://twitter.com/Isabel_3299
74,650ea83b0408657d8a04110b,https://twitter.com/Isabel_3299/status/1610670758807609346,Wed Jan 04 16:13:28 +0000 2023,1,"我看川普是在玩各个击破的战略！

先把这俩个最大犀牛分开，时空会提供共和党摆脱老乌龟的影响力，把老乌龟干掉，难道还害怕麦卡锡掀起大浪？

国会共和党已经形成反麦卡锡的议员，他如果推行犀牛政策，也会困难重重。 https://t.co/32eLe8IJWL",川普,zh,1,1,2,"<a href=""http://twitter.com/download/iphone"" rel=""nofollow"">Twitter for iPhone</a>",1610670758807609346,https://twitter.com/Isabel_3299
75,650ea83b0408657d8a04110d,https://twitter.com/Isabel_3299/status/1588600975845359617,Fri Nov 04 18:36:02 +0000 2022,1,"You copy/past Trump’s Twitting post in 2018, good intention though   

马斯克抄作业，抄了川普2018年得推文, 虽然动机和目的无可厚非，

但马斯克在蹭热度，蹭川普的名气和支持度。 https://t.co/xqNZ3JCtFA",川普,zh,0,0,0,"<a href=""http://twitter.com/download/iphone"" rel=""nofollow"">Twitter for iPhone</a>",1588600975845359617,https://twitter.com/Isabel_3299
76,650ea83b0408657d8a04110f,https://twitter.com/Isabel_3299/status/1588607730088292353,Fri Nov 04 19:02:52 +0000 2022,0,"我的朋友分不清两个黑人参议员候选人谁是谁，我就掰碎了给她讲。

图一至三就是多次得到川普背书的Hershel Walker, 全美 美式足球🏈明星，60岁；

政见颇符合理性美国黑人和白人保守派，

图四是黑人牧师，2020年补空缺，“战胜”了老共和党参议员戴维·普渡 David Perdure, 他的叔叔是川普的农业部长。 https://t.co/ZwhL0wacN2",川普,zh,1,0,0,"<a href=""http://twitter.com/download/iphone"" rel=""nofollow"">Twitter for iPhone</a>",1588607730088292353,https://twitter.com/Isabel_3299
77,650ea8dd0408657d8a041162,https://twitter.com/Isabel_3299/status/1292845755816972289,Mon Aug 10 15:30:22 +0000 2020,31,十年前中国纪录片是这么介绍特朗普的（上） https://t.co/6MTcYljM5Y via @YouTube,特朗普,zh,4,0,13,"<a href=""http://twitter.com/download/iphone"" rel=""nofollow"">Twitter for iPhone</a>",1292845755816972289,https://twitter.com/Isabel_3299
78,650ea8dd0408657d8a041164,https://twitter.com/Isabel_3299/status/1292845871344816129,Mon Aug 10 15:30:50 +0000 2020,6,十年前中国纪录片是这么介绍特朗普的（下） https://t.co/BE09V9y1lS via @YouTube,特朗普,zh,1,0,3,"<a href=""http://twitter.com/download/iphone"" rel=""nofollow"">Twitter for iPhone</a>",1292845871344816129,https://twitter.com/Isabel_3299
